travel_mode,percentage,daily_trips
地铁,26.228379042039535,1448391
公交,22.12169688130897,1135812
自驾,25.360683094598976,1230675
出租车/网约车,10.803508720560913,576684
骑行,8.098002296875906,412149
步行,6.1179320675381135,263358
